,AAPL,AMZN,GOOGL,META,NFLX
2020-01-01,303.13,1899.49,1327.05,208.38,326.97
2020-01-02,302.44,1893.88,1323.79,208.11,320.81
2020-01-03,306.51,1928.3,1312.45,208.06,319.85
2020-01-06,316.0,1954.42,1351.24,200.96,323.15
2020-01-07,314.68,1893.78,1360.74,207.07,323.26
2020-01-08,313.36,1950.65,1369.6,207.34,325.4
2020-01-09,323.42,2005.46,1387.33,209.28,337.37
2020-01-10,328.54,1981.38,1356.42,213.37,335.22
2020-01-13,325.62,1998.05,1385.29,209.12,337.25
2020-01-14,329.32,2018.79,1383.89,211.2,333.99
2020-01-15,326.43,2030.33,1403.13,210.18,328.5
2020-01-16,323.55,2009.0,1373.76,213.84,324.82
2020-01-17,325.28,1983.02,1331.75,204.85,321.88
2020-01-20,313.0,1982.99,1354.2,204.55,324.35
2020-01-21,302.36,2030.5,1365.08,202.18,339.75
2020-01-22,299.11,2053.59,1341.13,204.03,335.06
2020-01-23,293.2,2039.39,1318.48,206.05,332.43
2020-01-24,295.19,2071.89,1348.81,203.24,332.18
2020-01-27,289.97,1954.89,1317.4,200.45,334.97
2020-01-28,281.93,2000.78,1361.34,200.1,336.91
2020-01-29,290.33,1932.16,1337.5,196.61,345.73
2020-01-30,289.17,1919.12,1355.25,200.02,329.12
2020-01-31,289.7,1877.11,1347.02,198.65,313.58
2020-02-03,281.59,1829.44,1363.94,187.2,310.62
2020-02-04,278.67,1872.83,1349.78,185.89,317.59
2020-02-05,279.43,1856.25,1346.06,182.12,307.81
2020-02-06,273.13,1870.04,1347.83,176.27,289.45
2020-02-07,275.32,1869.22,1321.49,171.99,292.9
2020-02-10,272.15,1887.99,1341.73,172.46,294.47
2020-02-11,270.7,1891.83,1328.63,177.13,288.2
2020-02-12,267.58,1844.23,1323.22,178.32,282.66
2020-02-13,277.62,1881.9,1297.57,176.25,277.32
2020-02-14,277.69,1864.26,1231.72,177.94,278.07
2020-02-17,271.95,1807.15,1227.63,176.4,274.73
2020-02-18,276.56,1792.58,1287.48,174.04,277.58
2020-02-19,269.95,1847.28,1308.33,170.11,261.87
2020-02-20,271.21,1879.62,1308.48,164.23,257.52
2020-02-21,260.72,1867.45,1302.25,163.03,251.84
2020-02-24,253.92,1855.34,1303.49,163.63,250.68
2020-02-25,255.05,1844.34,1318.4,163.4,248.11
2020-02-26,258.94,1921.86,1287.93,162.12,252.19
2020-02-27,259.96,1937.5,1317.27,159.13,242.94
2020-02-28,259.49,1955.14,1336.78,161.15,243.28
2020-03-02,258.06,1996.4,1356.65,156.98,246.12
2020-03-03,250.55,2006.93,1369.22,159.5,255.38
2020-03-04,247.07,1997.54,1370.45,156.38,253.05
2020-03-05,244.92,1990.69,1389.57,154.11,254.82
2020-03-06,250.22,1988.84,1406.72,149.66,245.75
2020-03-09,252.06,1988.35,1397.46,148.24,234.12
2020-03-10,243.3,2018.28,1382.13,151.2,238.19
2020-03-11,245.0,2021.39,1385.63,152.84,238.28
2020-03-12,243.24,2052.02,1429.25,155.9,244.02
2020-03-13,240.07,2049.73,1394.55,157.61,237.44
2020-03-16,243.12,2053.98,1354.31,154.21,240.02
2020-03-17,248.26,1972.92,1359.45,153.27,249.12
2020-03-18,253.0,2010.06,1361.52,150.95,251.33
2020-03-19,248.88,2025.0,1366.92,155.04,252.85
2020-03-20,247.47,2066.43,1374.27,151.41,253.02
2020-03-23,249.23,1947.77,1368.82,154.19,245.19
2020-03-24,254.22,2030.09,1410.3,157.02,251.96
2020-03-25,251.91,2025.44,1365.85,162.85,249.01
2020-03-26,251.1,2071.34,1343.9,161.59,251.65
2020-03-27,245.67,2029.3,1341.79,163.98,243.91
2020-03-30,239.92,2055.18,1298.37,171.54,238.28
2020-03-31,243.94,2012.91,1294.45,169.51,245.24
2020-04-01,250.67,1988.81,1338.11,164.39,243.65
2020-04-02,250.44,2065.93,1339.34,158.29,250.86
2020-04-03,255.59,2059.09,1346.19,160.63,250.59
2020-04-06,257.57,2069.07,1312.93,154.66,241.49
2020-04-07,254.37,2106.11,1297.4,153.58,245.91
2020-04-08,256.34,2128.04,1288.32,155.0,243.14
2020-04-09,264.35,2135.51,1280.78,155.65,246.65
2020-04-10,264.29,2152.17,1314.25,157.06,246.9
2020-04-13,272.7,2256.69,1329.56,157.83,239.41
2020-04-14,258.55,2255.22,1300.67,161.95,240.31
2020-04-15,262.92,2265.42,1307.73,158.95,250.99
2020-04-16,263.51,2314.15,1321.42,156.87,253.59
2020-04-17,262.07,2366.48,1352.21,154.53,253.42
2020-04-20,262.68,2423.84,1395.63,157.17,259.0
2020-04-21,252.37,2456.02,1368.0,160.08,260.22
2020-04-22,251.39,2401.1,1346.5,161.6,261.44
2020-04-23,253.31,2480.74,1313.3,165.51,255.86
2020-04-24,260.92,2425.11,1307.81,161.69,257.19
2020-04-27,258.35,2441.0,1320.66,167.17,262.64
2020-04-28,254.3,2405.4,1347.4,172.34,258.38
2020-04-29,251.88,2403.51,1346.03,174.96,265.87
2020-04-30,256.61,2420.52,1338.09,181.29,265.52
2020-05-01,258.43,2437.29,1342.82,175.37,260.94
2020-05-04,255.82,2459.07,1321.07,173.62,266.27
2020-05-05,258.57,2539.67,1376.93,171.15,264.88
2020-05-06,259.21,2563.97,1333.35,173.71,269.04
2020-05-07,264.36,2552.73,1338.94,170.15,267.6
2020-05-08,260.78,2603.23,1393.8,172.81,267.41
2020-05-11,259.2,2666.46,1394.69,177.63,270.19
2020-05-12,257.3,2602.33,1390.09,180.19,271.9
2020-05-13,249.89,2634.72,1380.84,181.3,261.18
2020-05-14,251.5,2672.99,1376.55,177.81,255.45
2020-05-15,252.94,2658.42,1415.04,174.89,260.33
2020-05-18,253.09,2732.89,1353.15,179.35,259.77
2020-05-19,252.03,2726.05,1395.32,182.23,257.18
2020-05-20,245.02,2734.26,1356.28,182.18,250.32
2020-05-21,243.08,2726.17,1349.73,180.75,245.04
2020-05-22,241.54,2728.38,1338.81,173.52,235.25
2020-05-25,237.78,2669.92,1355.24,169.89,234.9
2020-05-26,237.13,2594.36,1312.6,176.47,232.2
2020-05-27,239.17,2678.39,1325.39,172.04,227.83
2020-05-28,248.31,2634.36,1379.72,172.77,227.63
2020-05-29,249.3,2583.44,1342.79,176.34,229.4
2020-06-01,250.71,2473.47,1348.56,172.0,239.12
2020-06-02,250.46,2443.1,1331.38,172.73,232.01
2020-06-03,240.98,2379.67,1343.38,176.05,237.51
2020-06-04,240.97,2459.01,1344.57,176.18,242.25
2020-06-05,241.38,2509.9,1327.99,186.38,238.59
2020-06-08,253.39,2476.62,1341.61,180.25,239.68
2020-06-09,252.54,2589.42,1390.7,184.16,237.61
2020-06-10,254.19,2641.56,1386.08,183.62,238.61
2020-06-11,254.14,2625.72,1406.73,186.54,245.93
2020-06-12,248.33,2495.78,1371.05,188.28,249.03
2020-06-15,254.13,2611.38,1345.51,185.61,251.69
2020-06-16,258.08,2540.11,1358.89,186.56,249.65
2020-06-17,262.29,2457.79,1399.91,179.72,242.37
2020-06-18,257.65,2509.29,1410.56,181.98,241.48
2020-06-19,265.01,2632.98,1402.44,183.15,247.42
2020-06-22,257.71,2707.19,1403.12,185.58,239.99
2020-06-23,260.87,2739.08,1368.73,189.6,235.05
2020-06-24,272.42,2773.03,1385.96,191.09,235.76
2020-06-25,267.16,2821.75,1411.11,191.75,231.23
2020-06-26,264.27,2865.99,1399.06,188.47,227.68
2020-06-29,264.93,2883.54,1386.61,185.88,225.87
2020-06-30,262.39,2890.99,1394.67,190.39,219.81
2020-07-01,254.39,2888.82,1383.19,195.95,215.64
2020-07-02,254.86,2846.7,1382.05,195.11,218.78
2020-07-03,249.58,2832.14,1440.78,195.39,213.17
2020-07-06,252.07,2737.67,1434.38,191.95,206.46
2020-07-07,247.56,2733.65,1424.82,196.55,203.97
2020-07-08,255.35,2680.97,1407.08,199.27,207.05
2020-07-09,251.48,2623.13,1428.73,207.1,206.34
2020-07-10,249.99,2633.88,1424.26,203.57,204.53
2020-07-13,254.18,2708.53,1406.48,202.13,204.81
2020-07-14,248.05,2759.63,1444.35,203.17,197.76
2020-07-15,249.3,2674.33,1486.08,205.9,199.82
2020-07-16,255.94,2622.73,1468.97,205.11,201.45
2020-07-17,247.84,2673.39,1414.87,201.63,199.9
2020-07-20,248.88,2622.2,1444.09,205.29,204.02
2020-07-21,250.3,2611.73,1425.04,208.35,199.53
2020-07-22,254.34,2641.77,1448.28,204.64,204.13
2020-07-23,248.18,2591.92,1391.94,210.29,204.86
2020-07-24,241.75,2598.68,1417.49,215.31,203.58
2020-07-27,244.39,2530.65,1383.86,216.0,203.6
2020-07-28,245.96,2501.48,1404.78,216.45,203.27
2020-07-29,247.32,2518.73,1405.88,218.96,208.33
2020-07-30,249.16,2439.74,1379.76,215.29,203.95
2020-07-31,245.89,2462.45,1369.22,215.53,200.94
2020-08-03,247.16,2462.72,1388.7,206.36,205.21
2020-08-04,248.73,2491.16,1392.33,210.08,202.86
2020-08-05,245.3,2503.56,1409.3,203.63,206.62
2020-08-06,254.58,2573.12,1465.72,209.85,213.75
2020-08-07,257.12,2580.85,1420.59,208.57,212.14
2020-08-10,251.12,2559.97,1467.25,207.79,215.13
2020-08-11,254.54,2567.52,1471.05,205.29,210.28
2020-08-12,249.71,2596.7,1445.34,204.21,213.55
2020-08-13,253.76,2600.53,1407.61,210.1,214.51
2020-08-14,259.77,2603.94,1402.99,199.75,216.65
2020-08-17,255.64,2568.69,1429.55,204.95,213.96
2020-08-18,260.69,2535.92,1426.62,206.44,206.96
2020-08-19,262.97,2466.05,1470.45,201.56,209.15
2020-08-20,267.43,2553.57,1428.51,197.33,200.62
2020-08-21,277.71,2491.32,1428.88,204.04,199.45
2020-08-24,276.48,2458.04,1393.8,200.29,203.3
2020-08-25,272.45,2423.95,1404.63,195.77,204.18
2020-08-26,267.74,2468.55,1430.25,200.32,212.24
2020-08-27,263.51,2455.22,1418.93,201.77,216.7
2020-08-28,263.23,2517.72,1345.73,198.09,213.97
2020-08-31,265.16,2485.07,1351.76,199.05,214.2
2020-09-01,266.76,2500.17,1364.25,195.06,214.1
2020-09-02,271.31,2459.65,1375.96,199.46,207.43
2020-09-03,271.51,2566.41,1410.65,203.79,203.64
2020-09-04,279.54,2506.74,1381.14,206.06,201.45
2020-09-07,278.2,2523.52,1400.62,207.65,193.35
2020-09-08,293.47,2556.77,1434.73,215.07,193.63
2020-09-09,297.29,2579.21,1384.41,215.18,192.76
2020-09-10,292.35,2570.94,1393.95,210.2,186.41
2020-09-11,286.23,2565.55,1380.59,212.19,188.01
2020-09-14,289.14,2569.08,1379.03,221.15,190.8
2020-09-15,287.99,2562.81,1389.31,216.77,191.76
2020-09-16,292.24,2613.5,1376.47,215.32,190.61
2020-09-17,295.16,2730.35,1358.55,217.22,192.96
2020-09-18,294.87,2701.27,1360.16,217.09,195.68
2020-09-21,290.03,2628.62,1331.26,212.93,196.98
2020-09-22,281.39,2625.29,1303.02,217.82,193.83
2020-09-23,279.01,2762.06,1321.38,228.03,195.0
2020-09-24,283.93,2719.04,1291.68,229.04,199.76
2020-09-25,285.29,2809.54,1309.54,225.02,197.48
2020-09-28,278.32,2905.21,1322.31,218.16,205.86
2020-09-29,279.43,2874.5,1277.33,219.39,203.8
2020-09-30,281.72,2908.65,1260.66,224.35,204.04
2020-10-01,276.88,3004.83,1291.39,226.59,201.39
2020-10-02,277.87,2983.55,1266.7,226.69,202.39
2020-10-05,278.33,2972.89,1255.57,224.13,195.44
2020-10-06,272.11,2939.79,1267.8,219.35,193.41
2020-10-07,274.19,2881.6,1288.29,223.12,189.28
2020-10-08,277.41,2845.62,1282.46,227.31,189.89
2020-10-09,283.55,2777.39,1267.77,220.4,193.76
2020-10-12,289.67,2780.67,1304.47,227.52,196.36
2020-10-13,281.84,2739.24,1350.49,230.24,187.14
2020-10-14,276.69,2753.42,1377.6,236.8,194.88
2020-10-15,279.68,2669.11,1380.64,230.56,196.13
2020-10-16,282.69,2688.11,1359.02,224.38,193.18
2020-10-19,285.75,2734.27,1337.12,223.82,193.88
2020-10-20,307.91,2626.6,1351.77,226.19,194.66
2020-10-21,311.58,2647.57,1363.75,234.43,192.16
2020-10-22,318.81,2713.9,1402.66,237.85,193.02
2020-10-23,325.05,2649.6,1421.61,236.82,190.77
2020-10-26,329.45,2739.56,1379.59,232.08,189.32
2020-10-27,327.53,2763.88,1409.3,237.9,186.82
2020-10-28,332.67,2726.3,1381.87,233.43,181.56
2020-10-29,327.69,2724.62,1371.95,241.15,182.18
2020-10-30,326.31,2756.4,1379.51,239.9,184.4
2020-11-02,323.3,2761.97,1435.26,247.65,186.4
2020-11-03,323.99,2793.11,1525.24,251.14,189.55
2020-11-04,339.15,2743.08,1544.51,250.57,190.87
2020-11-05,326.66,2753.74,1539.63,248.1,188.93
2020-11-06,331.3,2677.26,1556.86,246.53,192.2
2020-11-09,320.78,2672.64,1585.27,248.76,187.08
2020-11-10,317.92,2625.66,1575.9,249.27,183.8
2020-11-11,325.0,2588.35,1633.27,246.44,180.35
2020-11-12,325.58,2653.63,1641.6,245.74,184.33
2020-11-13,318.72,2712.88,1658.76,246.25,187.9
2020-11-16,314.32,2747.29,1681.69,235.89,189.83
2020-11-17,318.75,2688.64,1696.71,238.17,193.99
2020-11-18,314.26,2672.97,1726.02,233.62,190.68
2020-11-19,315.77,2739.16,1705.58,228.35,192.1
2020-11-20,316.22,2748.29,1687.39,220.76,191.72
2020-11-23,312.26,2877.15,1651.1,212.95,195.06
2020-11-24,325.8,2901.22,1666.44,207.28,194.71
2020-11-25,330.1,2913.82,1693.23,204.45,193.31
2020-11-26,316.89,2897.26,1709.58,212.54,195.49
2020-11-27,318.23,2906.45,1767.69,210.41,199.02
2020-11-30,314.18,2899.04,1768.38,211.26,196.46
2020-12-01,319.69,2941.54,1792.91,213.06,196.32
2020-12-02,314.78,2999.3,1754.66,213.72,192.26
2020-12-03,314.22,2953.65,1741.96,213.5,182.75
2020-12-04,317.55,2876.48,1767.06,208.5,183.57
2020-12-07,323.21,2772.29,1797.95,214.66,185.9
2020-12-08,315.61,2801.84,1788.28,222.52,186.97
2020-12-09,313.66,2741.41,1786.61,215.14,179.77
2020-12-10,310.83,2624.74,1733.27,210.85,178.6
2020-12-11,306.93,2646.45,1721.76,209.77,170.76
2020-12-14,317.92,2779.73,1753.28,205.83,175.53
2020-12-15,320.65,2780.78,1774.33,208.02,171.8
2020-12-16,312.73,2828.8,1792.98,205.09,176.2
2020-12-17,318.62,2834.85,1795.66,214.07,179.62
2020-12-18,332.31,2830.66,1796.81,219.28,176.48
2020-12-21,339.34,2884.11,1773.98,220.32,172.57
2020-12-22,329.19,2868.8,1799.66,224.95,173.86
2020-12-23,326.17,2885.58,1815.72,230.04,171.01
2020-12-24,334.6,2905.59,1834.49,227.56,171.45
2020-12-25,330.03,2868.22,1816.11,223.96,169.88
2020-12-28,333.12,2926.56,1738.8,224.42,163.91
2020-12-29,338.45,2917.78,1777.83,228.4,156.68
2020-12-30,332.35,2875.14,1761.69,229.15,157.47
2020-12-31,332.12,2907.43,1732.17,222.04,155.78
2021-01-01,310.75,2856.64,1757.06,218.59,154.14
2021-01-04,304.54,2859.68,1744.17,218.37,156.36
2021-01-05,303.16,2860.58,1782.01,218.15,160.11
2021-01-06,295.74,2924.14,1804.89,226.87,159.31
2021-01-07,305.54,2953.36,1830.47,220.69,158.31
2021-01-08,296.96,2953.36,1781.38,223.03,159.97
2021-01-11,294.49,3003.14,1825.45,229.79,155.71
2021-01-12,295.41,3088.14,1835.9,240.34,156.48
2021-01-13,304.07,3124.14,1823.26,238.52,158.29
2021-01-14,295.49,3126.35,1829.4,240.98,160.52
2021-01-15,302.52,3045.89,1765.32,243.85,154.38
2021-01-18,302.73,2982.53,1780.63,244.92,152.11
2021-01-19,296.94,2965.81,1744.87,244.56,149.51
2021-01-20,299.83,2931.14,1698.53,246.81,149.89
2021-01-21,301.17,2921.64,1647.67,234.44,151.4
2021-01-22,297.71,2926.41,1685.16,237.75,156.01
2021-01-25,298.27,2958.88,1664.79,238.47,154.55
2021-01-26,296.12,2956.19,1716.69,237.53,153.08
2021-01-27,296.94,2986.43,1699.15,247.37,156.68
2021-01-28,301.03,2991.77,1641.98,244.16,157.69
2021-01-29,310.72,2875.07,1606.14,242.31,161.77
2021-02-01,303.19,2822.49,1646.64,252.08,162.78
2021-02-02,316.27,2815.77,1642.33,248.02,159.09
2021-02-03,304.08,2749.05,1625.14,245.41,154.93
2021-02-04,303.31,2783.41,1631.15,244.81,150.2
2021-02-05,307.03,2870.02,1648.34,249.05,152.27
2021-02-08,308.91,2941.41,1686.0,250.21,155.96
2021-02-09,305.22,2930.32,1735.69,243.87,161.81
2021-02-10,304.1,3019.15,1724.06,241.39,164.62
2021-02-11,301.25,3029.64,1679.2,238.58,168.53
2021-02-12,297.85,3010.73,1666.16,238.33,166.66
2021-02-15,303.06,2975.3,1675.66,240.48,162.89
2021-02-16,305.38,2958.79,1644.2,242.61,165.74
2021-02-17,301.3,2937.3,1613.55,234.12,167.2
2021-02-18,306.87,2948.78,1625.45,239.22,167.65
2021-02-19,308.91,2959.72,1624.68,240.54,169.03
2021-02-22,314.09,2961.38,1626.56,247.32,170.21
2021-02-23,318.2,2988.74,1602.7,249.65,174.66
2021-02-24,313.08,3061.41,1596.11,255.27,179.27
2021-02-25,309.73,3121.08,1567.41,257.78,181.31
2021-02-26,314.52,3029.95,1596.1,264.85,184.47
2021-03-01,318.51,2876.7,1629.94,267.75,186.46
2021-03-02,318.54,2931.89,1570.57,267.36,184.83
2021-03-03,319.45,2853.21,1542.16,279.64,187.72
2021-03-04,327.77,2841.81,1496.78,284.75,182.58
2021-03-05,324.05,2776.72,1478.07,288.16,186.52
2021-03-08,327.76,2678.04,1476.34,280.95,182.16
2021-03-09,326.6,2708.38,1434.27,273.85,183.29
2021-03-10,325.34,2750.86,1408.55,275.59,180.29
2021-03-11,332.65,2720.51,1380.97,276.53,182.37
2021-03-12,338.31,2580.89,1387.38,273.27,182.34
2021-03-15,343.99,2553.99,1390.0,274.18,176.61
2021-03-16,353.14,2575.28,1370.63,283.03,178.19
2021-03-17,353.46,2500.39,1376.16,287.11,176.22
2021-03-18,358.46,2510.81,1361.81,280.7,179.41
2021-03-19,356.42,2511.3,1355.09,280.21,179.51
2021-03-22,358.91,2541.65,1401.12,275.84,181.01
2021-03-23,358.15,2549.0,1439.38,273.84,177.64
2021-03-24,359.03,2500.67,1402.69,271.71,175.63
2021-03-25,363.48,2561.76,1426.67,269.25,174.11
2021-03-26,357.71,2554.92,1450.53,262.63,177.18
2021-03-29,372.86,2554.8,1417.95,262.09,183.21
2021-03-30,365.54,2508.4,1441.88,259.28,180.35
2021-03-31,356.85,2487.41,1486.95,244.22,184.33
2021-04-01,365.29,2444.64,1454.31,254.37,176.42
2021-04-02,371.26,2437.4,1428.35,260.04,172.3
2021-04-05,376.08,2522.07,1458.13,258.21,169.08
2021-04-06,380.99,2454.13,1466.78,258.44,164.59
2021-04-07,381.09,2376.16,1483.69,252.51,159.46
2021-04-08,374.44,2447.26,1494.54,261.2,160.86
2021-04-09,375.2,2438.24,1506.96,271.24,160.25
2021-04-12,370.3,2406.83,1467.74,272.23,161.54
2021-04-13,377.71,2458.09,1499.22,277.94,163.86
2021-04-14,376.79,2429.54,1535.04,279.05,164.81
2021-04-15,370.76,2519.49,1528.76,271.73,167.06
2021-04-16,368.56,2554.91,1528.2,269.63,166.91
2021-04-19,371.79,2531.25,1482.16,270.47,163.03
2021-04-20,367.78,2641.73,1498.15,268.15,166.56
2021-04-21,361.92,2611.05,1516.04,267.11,164.68
2021-04-22,363.86,2651.11,1514.91,266.76,161.68
2021-04-23,365.83,2668.3,1549.73,266.46,161.19
2021-04-26,362.3,2739.11,1540.15,266.87,158.33
2021-04-27,359.07,2826.02,1558.32,261.34,157.08
2021-04-28,360.92,2829.24,1527.32,257.72,158.24
2021-04-29,350.64,2788.02,1527.36,251.23,159.43
2021-04-30,340.95,2815.07,1522.8,256.27,156.64
2021-05-03,336.22,2778.32,1530.42,245.61,155.19
2021-05-04,334.95,2891.58,1519.88,251.4,158.6
2021-05-05,337.2,2900.93,1516.64,258.49,160.26
2021-05-06,347.32,2881.18,1542.45,257.06,166.99
2021-05-07,353.45,2893.26,1529.75,243.8,171.01
2021-05-10,352.5,2816.76,1481.36,242.16,175.01
2021-05-11,352.54,2763.43,1533.94,241.98,170.24
2021-05-12,345.65,2831.16,1577.09,237.21,172.93
2021-05-13,345.69,2795.38,1537.12,234.88,172.83
2021-05-14,343.87,2738.24,1559.09,242.19,171.01
2021-05-17,346.26,2769.0,1544.18,245.53,171.67
2021-05-18,340.71,2836.05,1553.09,241.11,175.01
2021-05-19,344.42,2878.25,1563.01,233.53,176.85
2021-05-20,355.15,2937.03,1556.46,232.12,173.83
2021-05-21,354.55,2894.04,1532.84,231.24,176.5
2021-05-24,357.58,2813.19,1512.44,233.65,174.33
2021-05-25,362.69,2899.07,1485.48,231.27,175.18
2021-05-26,359.96,2881.81,1461.51,233.75,174.2
2021-05-27,361.75,2868.79,1460.28,242.91,173.53
2021-05-28,362.03,2946.43,1440.1,247.0,176.27
2021-05-31,362.91,2980.69,1460.47,246.88,172.69
2021-06-01,357.49,3009.35,1504.64,246.1,179.5
2021-06-02,357.84,3141.16,1487.94,244.47,173.05
2021-06-03,361.58,3102.31,1495.81,250.36,171.07
2021-06-04,372.26,3161.43,1511.5,247.35,172.42
2021-06-07,379.59,3166.61,1526.53,247.69,174.52
2021-06-08,396.12,3185.2,1529.61,248.07,174.26
2021-06-09,390.24,3284.17,1553.09,245.71,174.14
2021-06-10,397.24,3319.17,1568.85,239.08,175.66
2021-06-11,398.9,3356.56,1530.8,240.75,174.94
2021-06-14,416.57,3430.24,1558.18,240.57,179.9
2021-06-15,410.04,3406.91,1586.61,243.1,183.01
2021-06-16,403.36,3351.43,1563.18,240.63,186.29
2021-06-17,398.73,3283.08,1565.15,246.62,182.79
2021-06-18,381.99,3155.61,1587.32,242.42,182.59
2021-06-21,378.16,3286.96,1581.47,250.85,181.58
2021-06-22,372.61,3216.07,1616.2,242.2,178.02
2021-06-23,373.92,3203.45,1693.41,244.43,179.39
2021-06-24,376.66,3187.32,1667.64,246.88,177.55
2021-06-25,390.98,3208.51,1622.41,243.07,179.97
2021-06-28,398.61,3262.46,1633.08,245.26,176.21
2021-06-29,394.21,3320.23,1657.47,251.66,182.35
2021-06-30,387.33,3283.18,1650.64,240.62,179.18
2021-07-01,391.33,3273.84,1699.44,243.16,180.05
2021-07-02,381.19,3293.98,1654.8,231.16,182.99
2021-07-05,395.35,3279.25,1678.56,226.81,181.0
2021-07-06,404.87,3386.3,1659.06,234.31,184.17
2021-07-07,401.27,3421.25,1716.94,231.71,179.74
2021-07-08,387.72,3473.24,1786.22,226.38,185.05
2021-07-09,398.42,3521.03,1759.72,225.6,185.19
2021-07-12,397.7,3605.42,1741.26,235.04,183.08
2021-07-13,407.75,3620.28,1772.06,226.55,182.07
2021-07-14,394.95,3528.19,1759.23,221.9,185.11
2021-07-15,390.41,3558.16,1758.51,228.65,183.04
2021-07-16,390.65,3513.59,1760.28,237.26,180.39
2021-07-19,391.21,3478.2,1693.58,236.89,179.68
2021-07-20,387.88,3520.72,1693.96,231.14,175.54
2021-07-21,392.91,3609.68,1671.44,240.94,182.02
2021-07-22,384.72,3613.02,1655.79,248.75,180.05
2021-07-23,383.81,3637.14,1704.42,252.25,183.13
2021-07-26,384.93,3762.78,1662.44,248.28,183.99
2021-07-27,389.08,3782.78,1690.31,248.16,180.46
2021-07-28,394.81,3981.51,1681.73,247.49,180.53
2021-07-29,386.13,4028.53,1673.16,249.25,183.45
2021-07-30,374.48,3888.68,1700.44,256.61,182.85
2021-08-02,384.23,3949.21,1712.86,261.25,187.3
2021-08-03,386.98,3981.29,1733.26,255.75,191.22
2021-08-04,381.38,4085.98,1767.69,262.92,194.83
2021-08-05,393.4,4143.04,1756.86,264.7,193.14
2021-08-06,394.51,4133.63,1736.23,268.47,189.07
2021-08-09,404.01,4034.49,1699.42,276.47,186.84
2021-08-10,404.76,4019.64,1672.21,270.47,187.67
2021-08-11,421.64,3953.27,1771.68,270.41,189.81
2021-08-12,436.66,3909.35,1816.67,267.67,181.66
2021-08-13,434.7,3957.32,1768.49,259.41,181.72
2021-08-16,443.37,4091.47,1722.6,261.34,182.39
2021-08-17,449.31,4125.81,1740.06,274.6,181.47
2021-08-18,461.83,4029.19,1759.97,264.63,186.24
2021-08-19,453.15,4067.03,1780.17,264.59,187.91
2021-08-20,459.6,4166.4,1771.99,268.11,192.92
2021-08-23,469.55,4117.67,1768.43,268.9,192.19
2021-08-24,453.27,4108.7,1780.91,268.43,195.89
2021-08-25,442.77,4111.96,1784.86,261.59,202.39
2021-08-26,424.94,4049.46,1706.53,262.94,207.8
2021-08-27,422.86,4103.99,1699.54,259.09,203.37
2021-08-30,429.14,4096.12,1671.45,247.87,202.44
2021-08-31,442.25,4132.53,1678.14,253.92,201.14
2021-09-01,443.12,4061.25,1779.17,258.91,203.21
2021-09-02,457.78,4027.75,1793.14,259.31,206.1
2021-09-03,445.37,4087.95,1782.79,260.63,202.75
2021-09-06,430.42,4059.51,1816.55,266.36,203.12
2021-09-07,430.16,4201.76,1835.0,267.69,195.02
2021-09-08,433.68,4170.27,1851.33,272.66,200.74
2021-09-09,433.61,4191.1,1874.73,271.17,198.78
2021-09-10,415.9,4271.37,1952.77,278.42,199.1
2021-09-13,415.37,4152.33,1909.58,280.35,197.97
2021-09-14,404.74,4008.18,1928.62,281.58,202.61
2021-09-15,410.36,3887.88,1893.86,274.57,191.21
2021-09-16,413.57,3988.0,1915.84,276.28,191.24
2021-09-17,406.01,3945.98,1881.6,271.82,190.93
2021-09-20,402.04,4149.85,1866.84,268.49,189.3
2021-09-21,393.72,4105.09,1856.75,264.24,195.93
2021-09-22,393.42,4122.29,1893.92,258.74,192.55
2021-09-23,401.14,4251.5,1929.65,269.86,195.62
2021-09-24,393.43,4424.2,1882.54,277.18,197.11
2021-09-27,397.59,4608.82,1885.55,287.97,202.18
2021-09-28,393.57,4722.51,1859.73,281.07,199.58
2021-09-29,387.53,4821.59,1813.86,281.61,196.76
2021-09-30,386.89,4881.14,1806.89,274.47,201.17
2021-10-01,379.08,4959.57,1796.64,270.78,202.98
2021-10-04,375.07,4907.38,1884.74,265.95,196.81
2021-10-05,366.27,4829.52,1902.0,272.67,194.79
2021-10-06,380.85,4831.61,1850.55,270.65,196.39
2021-10-07,381.3,4817.58,1830.57,276.57,199.78
2021-10-08,376.16,4776.32,1868.88,280.05,197.16
2021-10-11,377.96,4845.24,1947.88,293.09,185.77
2021-10-12,377.3,4940.23,1887.07,284.57,187.81
2021-10-13,375.82,4951.44,1817.06,291.87,183.32
2021-10-14,380.62,5100.23,1885.96,298.71,176.01
2021-10-15,386.58,4986.32,1901.6,293.05,166.13
2021-10-18,382.67,4969.5,1869.53,299.1,168.92
2021-10-19,378.46,4900.74,1890.45,301.26,169.44
2021-10-20,376.56,4720.24,1791.74,300.04,168.76
2021-10-21,359.41,4714.8,1792.76,295.24,173.53
2021-10-22,348.7,4705.68,1805.41,291.14,175.83
2021-10-25,358.41,4850.47,1839.69,303.22,181.6
2021-10-26,370.38,4914.09,1803.3,303.38,176.63
2021-10-27,368.72,4815.88,1807.29,308.28,176.6
2021-10-28,373.16,4996.87,1774.75,303.56,170.98
2021-10-29,375.67,5121.4,1784.7,298.97,170.28
2021-11-01,398.99,5183.58,1753.63,305.59,169.52
2021-11-02,408.12,5162.69,1740.2,297.5,171.72
2021-11-03,407.28,5066.21,1706.41,295.17,171.97
2021-11-04,399.7,5031.03,1729.48,295.52,174.2
2021-11-05,387.06,5143.1,1760.04,296.33,176.73
2021-11-08,388.83,5339.52,1752.66,295.42,184.44
2021-11-09,383.14,5506.99,1754.88,297.9,183.37
2021-11-10,372.43,5455.9,1704.91,302.18,180.01
2021-11-11,367.8,5336.46,1695.55,306.77,180.99
2021-11-12,360.03,5354.17,1694.69,300.88,178.17
2021-11-15,372.36,5167.47,1784.37,299.32,183.54
2021-11-16,379.11,5203.46,1745.58,306.62,182.59
2021-11-17,379.24,5190.7,1797.57,312.26,180.62
2021-11-18,390.66,5144.91,1834.31,303.84,179.01
2021-11-19,391.45,4983.39,1845.52,306.13,181.67
2021-11-22,384.91,5037.07,1911.35,294.17,181.19
2021-11-23,396.83,4985.93,1926.53,294.59,178.95
2021-11-24,401.3,4871.76,1942.49,305.92,185.0
2021-11-25,393.18,4594.33,1941.4,300.27,181.93
2021-11-26,391.88,4594.1,1989.88,295.41,182.15
2021-11-29,385.21,4759.24,2034.51,300.08,184.61
2021-11-30,374.75,4919.74,2010.07,290.97,178.68
2021-12-01,381.88,4877.23,1958.04,287.43,180.49
2021-12-02,396.65,4820.92,1951.07,291.0,176.77
2021-12-03,385.76,4868.53,1920.82,287.46,179.77
2021-12-06,390.29,4773.75,1919.34,286.24,176.4
2021-12-07,385.41,4804.95,1967.81,290.65,178.93
2021-12-08,381.85,4880.98,1950.79,293.24,182.98
2021-12-09,377.51,5003.19,1950.1,294.95,186.22
2021-12-10,371.18,4995.67,1953.33,293.1,187.25
2021-12-13,371.72,4977.82,1987.46,295.42,186.48
2021-12-14,365.73,4892.9,1899.14,294.83,184.42
2021-12-15,367.89,4814.43,1877.04,297.68,189.94
2021-12-16,367.71,4795.03,1885.91,294.87,187.38
2021-12-17,366.13,4832.65,1932.12,293.94,183.58
2021-12-20,359.67,4923.37,1914.08,288.27,186.12
2021-12-21,355.7,4846.75,1843.2,288.21,183.25
2021-12-22,361.25,4993.86,1866.97,283.68,179.86
2021-12-23,365.05,4969.28,1844.18,277.5,174.75
2021-12-24,358.1,4969.64,1801.22,279.08,173.15
2021-12-27,358.99,4897.86,1779.63,280.4,172.95
2021-12-28,364.56,4662.84,1773.95,284.93,173.88
2021-12-29,352.57,4747.61,1753.38,282.62,177.28
2021-12-30,356.58,4819.95,1676.91,285.07,179.23
2021-12-31,352.03,4795.24,1707.84,288.35,178.64
2022-01-03,356.23,4804.06,1752.24,291.06,178.02
2022-01-04,350.97,4856.04,1775.95,286.4,179.93
2022-01-05,338.47,4706.71,1736.42,287.4,184.59
2022-01-06,327.63,4659.26,1730.3,289.63,185.15
2022-01-07,328.11,4735.6,1730.93,289.82,183.51
2022-01-10,329.97,4619.18,1752.53,277.87,179.96
2022-01-11,324.17,4648.61,1776.83,278.9,174.84
2022-01-12,328.47,4524.81,1751.63,291.38,177.26
2022-01-13,317.72,4569.28,1755.38,289.43,179.4
2022-01-14,317.46,4568.31,1772.31,285.36,181.56
2022-01-17,309.93,4423.02,1824.8,287.63,181.18
2022-01-18,306.04,4528.27,1851.42,289.57,186.37
2022-01-19,306.49,4464.0,1881.57,296.63,184.66
2022-01-20,301.37,4393.89,1885.66,289.31,188.28
2022-01-21,299.2,4413.72,1939.8,293.69,188.23
2022-01-24,305.37,4517.32,1956.67,297.3,186.03
2022-01-25,302.0,4427.8,1923.95,296.61,188.33
2022-01-26,307.2,4435.48,1978.91,298.77,189.97
2022-01-27,300.41,4475.74,2007.52,305.07,191.42
2022-01-28,303.75,4540.02,1990.73,310.54,191.83
2022-01-31,312.65,4558.31,1972.64,303.6,191.78
2022-02-01,297.36,4527.13,1985.33,308.73,201.03
2022-02-02,292.76,4454.46,2004.71,308.48,205.9
2022-02-03,296.29,4464.36,2013.62,309.09,208.98
2022-02-04,295.24,4370.86,2027.17,309.69,209.55
2022-02-07,297.57,4117.67,2097.1,308.92,213.87
2022-02-08,294.13,4155.68,2143.09,316.44,216.2
2022-02-09,294.78,4232.89,2152.34,316.06,216.42
2022-02-10,294.01,4034.97,2193.93,309.15,215.21
2022-02-11,301.03,3955.5,2149.72,306.87,214.97
2022-02-14,302.71,4006.46,2167.91,308.12,201.45
2022-02-15,304.91,4173.33,2247.44,315.85,202.4
2022-02-16,302.55,4177.15,2238.76,319.81,200.52
2022-02-17,299.75,4118.42,2201.93,314.53,207.01
2022-02-18,297.3,4105.41,2174.31,330.32,207.19
2022-02-21,299.8,4220.35,2128.02,332.24,202.37
2022-02-22,297.42,4167.94,2095.68,340.88,202.27
2022-02-23,299.3,4103.4,2081.2,340.02,198.14
2022-02-24,311.87,4065.84,2023.73,343.81,200.11
2022-02-25,317.46,3990.35,2025.38,349.76,201.38
2022-02-28,315.55,4002.13,2062.94,358.45,205.34
2022-03-01,323.29,4134.18,2026.52,366.21,202.19
2022-03-02,320.81,4162.96,2089.11,372.78,202.43
2022-03-03,307.89,4144.03,2111.5,370.62,197.0
2022-03-04,301.84,4121.92,2156.07,366.57,199.87
2022-03-07,290.7,3995.11,2128.78,369.19,202.04
2022-03-08,288.8,4067.67,2166.23,376.26,204.14
2022-03-09,289.05,4063.37,2120.01,374.78,204.25
2022-03-10,298.88,4050.74,2158.81,382.95,206.05
2022-03-11,300.99,4311.45,2167.31,394.26,212.76
2022-03-14,299.82,4339.37,2192.38,387.24,211.66
2022-03-15,304.94,4276.29,2141.93,380.95,212.35
2022-03-16,291.61,4241.97,2104.65,380.07,207.84
2022-03-17,293.13,4341.52,2130.84,382.6,204.34
2022-03-18,297.8,4353.53,2091.49,378.78,204.84
2022-03-21,289.14,4230.47,2111.92,389.21,209.47
2022-03-22,295.9,4310.36,2055.23,392.7,208.5
2022-03-23,298.05,4254.92,2091.12,393.21,207.62
2022-03-24,295.72,4416.46,2040.62,382.11,206.03
2022-03-25,299.61,4514.07,2064.18,372.25,203.93
2022-03-28,313.37,4475.94,2091.04,374.53,205.24
2022-03-29,314.67,4592.85,2062.94,358.74,199.19
2022-03-30,316.38,4601.38,2087.99,366.19,204.39
2022-03-31,313.64,4682.16,2099.91,365.21,201.78
2022-04-01,308.46,4729.9,2078.33,389.08,204.79
2022-04-04,313.74,4652.2,2037.45,407.24,199.69
2022-04-05,308.52,4594.64,1958.49,405.96,202.46
2022-04-06,309.12,4691.59,1973.16,405.3,205.28
2022-04-07,306.32,4662.52,1912.4,413.57,206.97
2022-04-08,309.41,4627.21,1917.0,427.87,202.95
2022-04-11,311.63,4541.13,1907.86,414.06,204.07
2022-04-12,318.25,4581.88,1934.73,399.48,199.34
2022-04-13,315.16,4773.17,1924.01,394.71,198.43
2022-04-14,313.62,4673.65,1912.29,399.51,202.62
2022-04-15,307.64,4678.25,1941.24,403.68,205.95
2022-04-18,305.06,4812.72,1955.22,412.51,206.11
2022-04-19,307.51,4807.46,1968.56,402.82,202.2
2022-04-20,312.32,4853.36,1988.02,384.36,204.91
2022-04-21,306.72,4752.67,1927.96,391.15,205.09
2022-04-22,312.21,4795.75,1958.1,384.87,195.68
2022-04-25,320.83,4780.2,1983.07,369.52,198.84
2022-04-26,323.64,4876.83,1943.74,370.78,198.84
2022-04-27,335.95,4995.08,1935.22,376.85,203.72
2022-04-28,330.92,5256.28,1934.67,376.12,199.36
2022-04-29,322.85,5319.85,1930.43,372.86,186.79
2022-05-02,311.52,5357.17,1944.28,371.86,187.93
2022-05-03,321.0,5380.68,2000.92,369.29,189.12
2022-05-04,325.36,5345.36,2045.21,359.52,182.82
2022-05-05,325.16,5384.22,1992.55,354.56,179.33
2022-05-06,327.15,5355.1,2018.34,358.43,189.3
2022-05-09,319.95,5375.82,2072.99,360.92,188.24
2022-05-10,335.76,5520.17,2090.07,362.31,191.09
2022-05-11,336.79,5411.81,2136.72,355.28,188.7
2022-05-12,337.7,5537.89,2223.78,354.17,180.9
2022-05-13,342.77,5686.54,2270.42,338.92,180.38
2022-05-16,346.24,5675.95,2282.88,340.3,179.51
2022-05-17,347.96,5437.92,2331.73,350.2,178.16
2022-05-18,342.63,5374.53,2339.66,340.05,177.84
2022-05-19,346.03,5516.64,2341.95,336.23,178.87
2022-05-20,359.23,5516.87,2326.66,338.62,178.43
2022-05-23,369.08,5409.37,2400.57,347.27,174.0
2022-05-24,381.02,5357.46,2362.48,344.33,175.78
2022-05-25,377.32,5450.21,2436.06,339.73,169.02
2022-05-26,370.04,5512.54,2461.63,326.53,162.17
2022-05-27,369.29,5488.95,2393.97,327.37,164.65
2022-05-30,369.89,5451.42,2412.77,340.9,166.4
2022-05-31,378.17,5411.44,2312.64,342.96,166.29
2022-06-01,365.56,5314.31,2342.73,342.98,161.74
2022-06-02,376.92,5488.66,2385.38,345.36,159.53
2022-06-03,375.92,5456.02,2358.31,345.46,158.77
2022-06-06,372.9,5591.57,2365.32,340.01,153.78
2022-06-07,365.54,5764.49,2458.94,345.78,151.58
2022-06-08,353.62,5882.47,2435.3,347.51,153.64
2022-06-09,359.62,5834.63,2384.94,347.81,158.1
2022-06-10,360.33,5884.66,2456.81,341.2,156.85
2022-06-13,351.21,5884.76,2554.47,350.27,159.3
2022-06-14,342.29,5781.34,2555.94,355.1,153.29
2022-06-15,340.16,5821.73,2608.92,351.35,155.38
2022-06-16,351.69,5687.36,2680.22,358.56,152.96
2022-06-17,350.04,5825.3,2641.76,355.17,153.98
2022-06-20,339.69,5774.08,2617.44,349.8,153.29
2022-06-21,338.19,5800.2,2683.18,344.66,157.42
2022-06-22,336.51,5835.96,2774.95,332.62,154.74
2022-06-23,318.53,5808.66,2807.58,335.92,156.76
2022-06-24,318.34,5879.73,2759.58,323.79,155.97
2022-06-27,317.03,5826.82,2870.63,316.0,155.55
2022-06-28,321.61,5931.27,2841.58,303.04,155.06
2022-06-29,333.66,5774.57,2823.95,302.67,152.51
2022-06-30,341.34,5792.05,2844.7,301.91,152.54
2022-07-01,339.68,6019.56,2934.54,300.09,152.43
2022-07-04,332.33,5902.13,2986.13,293.98,153.24
2022-07-05,349.6,5825.08,3012.4,287.23,153.58
2022-07-06,350.19,5887.87,3041.82,290.05,156.1
2022-07-07,350.46,5911.96,3045.99,287.0,159.07
2022-07-08,350.47,5956.37,3081.51,288.96,155.8
2022-07-11,352.03,6017.63,2927.16,283.98,158.59
2022-07-12,351.19,6097.02,2911.26,285.15,154.9
2022-07-13,347.34,6235.39,2926.76,292.73,156.8
2022-07-14,343.71,6289.62,2860.85,296.31,158.83
2022-07-15,343.66,6262.41,2884.39,294.01,152.83
2022-07-18,340.1,6349.78,2874.03,295.67,153.19
2022-07-19,335.42,6594.23,2976.37,294.4,151.84
2022-07-20,336.3,6580.04,3071.5,294.59,149.61
2022-07-21,334.75,6455.08,3044.42,292.82,153.72
2022-07-22,344.99,6601.23,3036.76,292.0,151.79
2022-07-25,326.87,6588.64,3033.79,293.39,149.42
2022-07-26,334.17,6305.64,3007.9,287.71,149.72
2022-07-27,342.67,6415.66,3021.14,282.0,151.85
2022-07-28,328.63,6350.18,2976.83,274.31,151.49
2022-07-29,326.54,6341.85,2911.0,265.67,155.1
2022-08-01,324.28,6387.13,2948.71,259.34,156.83
2022-08-02,315.31,6414.66,2987.31,260.29,150.07
2022-08-03,310.56,6508.89,2940.75,255.77,148.56
2022-08-04,303.82,6455.45,2994.88,258.53,146.96
2022-08-05,314.62,6524.92,2958.55,258.84,148.45
2022-08-08,320.66,6494.32,2975.01,248.78,140.73
2022-08-09,328.98,6593.53,3025.31,252.16,147.97
2022-08-10,333.89,6677.97,3024.79,256.38,149.62
2022-08-11,326.52,6556.37,3053.81,251.41,150.14
2022-08-12,323.26,6702.05,3023.8,253.65,153.76
2022-08-15,326.58,6633.56,3013.43,249.43,161.05
2022-08-16,318.76,6744.09,3002.53,250.04,163.93
2022-08-17,323.47,6797.0,2959.19,243.84,167.12
2022-08-18,322.08,7050.28,2950.21,235.22,167.64
2022-08-19,319.82,7022.3,2860.31,233.54,167.25
2022-08-22,324.53,6976.75,2833.64,233.07,165.75
2022-08-23,327.58,6977.52,2818.92,231.34,163.09
2022-08-24,325.37,6938.7,2805.88,225.98,160.93
2022-08-25,333.08,7053.19,2793.73,224.28,156.66
2022-08-26,326.05,6828.71,2791.68,225.6,156.51
2022-08-29,330.23,6688.22,2819.84,225.51,151.31
2022-08-30,334.31,6548.73,2870.57,226.45,151.96
2022-08-31,332.41,6676.47,2834.71,223.53,151.93
2022-09-01,334.74,6908.22,2767.91,228.88,152.45
2022-09-02,326.53,6897.25,2711.61,223.61,150.94
2022-09-05,332.73,6877.41,2686.54,225.9,160.3
2022-09-06,331.67,6890.48,2668.98,231.35,164.74
2022-09-07,328.36,7054.04,2629.21,233.69,160.72
2022-09-08,335.42,6926.74,2562.37,232.86,161.55
2022-09-09,330.86,6963.23,2540.27,230.52,159.67
2022-09-12,321.71,7102.52,2550.76,235.41,156.51
2022-09-13,311.85,7177.25,2582.39,228.83,152.39
2022-09-14,315.79,7208.05,2554.89,224.5,153.78
2022-09-15,307.86,7355.97,2535.07,222.83,151.77
2022-09-16,318.82,6961.95,2489.35,228.46,154.78
2022-09-19,305.7,7059.82,2489.03,230.31,157.93
2022-09-20,316.23,6970.99,2448.04,225.96,162.35
2022-09-21,317.72,6719.25,2477.32,224.67,159.67
2022-09-22,317.26,6791.31,2390.08,222.02,161.26
2022-09-23,313.96,6981.28,2374.08,218.98,163.38
2022-09-26,316.63,6965.58,2389.57,223.38,161.92
2022-09-27,316.55,7101.81,2399.55,217.36,159.5
2022-09-28,323.69,7334.36,2529.99,224.47,164.71
2022-09-29,324.59,7530.91,2548.95,228.3,165.54
2022-09-30,325.73,7781.69,2499.04,233.39,167.73
2022-10-03,323.52,7901.08,2495.52,231.35,165.06
2022-10-04,323.32,7916.95,2408.11,230.77,161.12
2022-10-05,325.47,7667.25,2405.44,224.27,159.36
2022-10-06,314.5,7633.35,2366.56,222.03,159.05
2022-10-07,306.18,7508.44,2411.07,224.33,155.74
2022-10-10,310.88,7838.2,2385.78,230.26,155.79
2022-10-11,312.1,7814.54,2381.4,225.28,150.6
2022-10-12,311.11,7837.71,2352.32,223.74,147.31
2022-10-13,311.38,7928.07,2435.3,223.18,149.36
2022-10-14,313.7,7938.95,2420.87,217.06,151.23
2022-10-17,310.47,8212.06,2510.81,219.73,150.12
2022-10-18,305.79,8113.9,2552.95,216.66,147.14
2022-10-19,307.14,8149.54,2578.84,215.92,144.19
2022-10-20,301.28,8032.6,2599.15,214.08,143.19
2022-10-21,303.89,7824.55,2620.92,210.81,145.11
2022-10-24,293.7,7732.72,2521.18,210.88,147.87
2022-10-25,299.89,7730.86,2508.38,210.08,146.48
2022-10-26,302.87,7668.35,2552.04,208.62,143.17
2022-10-27,304.58,7565.99,2550.82,205.69,144.01
2022-10-28,310.72,7356.97,2480.4,207.1,141.71
2022-10-31,321.22,7348.42,2479.05,214.06,140.31
2022-11-01,327.9,7130.95,2564.78,214.76,144.1
2022-11-02,315.99,7242.91,2630.02,219.15,146.56
2022-11-03,308.06,7258.48,2628.07,213.16,147.09
2022-11-04,304.37,7050.51,2679.4,213.94,143.43
2022-11-07,304.68,7010.44,2661.09,209.36,144.1
2022-11-08,307.98,6908.48,2571.74,203.28,147.24
2022-11-09,303.67,6956.04,2525.48,200.37,146.21
2022-11-10,304.95,7146.0,2605.68,205.25,150.23
2022-11-11,300.5,6881.57,2592.71,209.25,154.19
2022-11-14,296.97,6900.85,2581.38,210.37,159.4
2022-11-15,288.77,6882.19,2567.19,204.03,160.45
2022-11-16,283.58,6978.04,2666.24,203.33,162.42
2022-11-17,276.05,7011.28,2754.28,204.66,167.09
2022-11-18,270.81,6909.34,2877.88,205.48,168.67
2022-11-21,276.65,6868.71,2870.16,198.0,167.06
2022-11-22,271.53,6762.79,2888.57,194.58,165.65
2022-11-23,285.96,6911.71,2802.39,194.43,166.52
2022-11-24,288.93,6918.11,2886.57,196.61,162.31
2022-11-25,290.14,7184.62,2820.6,188.07,161.92
2022-11-28,285.3,7179.5,2834.24,187.56,165.55
2022-11-29,289.44,7081.37,2773.46,188.19,158.38
2022-11-30,286.26,6870.53,2742.18,191.48,163.32
2022-12-01,287.1,6626.19,2697.63,194.23,167.07
2022-12-02,301.94,6419.57,2666.18,196.59,165.62
2022-12-05,301.51,6457.07,2638.77,193.54,167.5
2022-12-06,308.59,6526.0,2611.15,186.25,167.59
2022-12-07,304.41,6322.89,2655.98,184.88,171.8
2022-12-08,304.35,6439.23,2598.62,188.68,175.26
2022-12-09,315.28,6380.24,2611.38,194.03,170.44
2022-12-12,311.48,6402.16,2676.29,196.88,172.53
2022-12-13,322.93,6611.8,2650.16,198.67,171.91
2022-12-14,327.66,6733.7,2613.44,200.28,172.28
2022-12-15,324.14,6700.9,2602.69,198.15,169.85
2022-12-16,328.4,6584.82,2665.4,197.74,175.88
2022-12-19,334.95,6304.72,2677.08,204.44,179.62
2022-12-20,339.29,6217.19,2649.98,200.68,177.06
2022-12-21,328.8,6194.05,2676.95,207.27,172.42
2022-12-22,324.18,6074.85,2619.27,206.03,171.17
2022-12-23,322.74,6061.94,2656.28,211.6,172.75
2022-12-26,322.42,6074.29,2679.31,205.75,173.66
2022-12-27,326.58,6050.01,2664.16,208.27,178.1
2022-12-28,327.91,5974.39,2620.81,205.3,181.01
2022-12-29,319.32,5997.53,2575.64,199.59,184.61
2022-12-30,321.9,6053.54,2604.48,200.56,185.91
2023-01-02,325.99,5924.55,2669.8,204.71,180.83
2023-01-03,329.81,6094.69,2637.1,201.36,180.22
2023-01-04,337.1,6085.72,2662.6,195.42,184.13
2023-01-05,342.89,6091.06,2552.79,195.16,184.03
2023-01-06,346.21,6180.38,2524.22,194.92,185.97
2023-01-09,345.9,6212.3,2523.91,197.15,184.88
2023-01-10,334.58,6333.83,2479.26,200.99,181.16
2023-01-11,337.62,6373.37,2434.06,200.86,180.81
2023-01-12,339.2,6298.49,2402.77,208.41,182.02
2023-01-13,341.21,6347.17,2418.01,209.45,179.72
2023-01-16,332.67,6205.16,2410.16,208.1,178.96
2023-01-17,325.64,6221.73,2303.48,201.5,175.69
2023-01-18,332.66,6220.71,2206.93,200.54,179.71
2023-01-19,332.56,6197.93,2181.25,199.29,178.74
2023-01-20,337.26,6185.09,2202.3,203.22,184.02
2023-01-23,337.62,5955.4,2082.39,205.2,189.74
2023-01-24,337.99,5893.02,2062.62,200.46,189.53
2023-01-25,344.5,5906.91,2041.94,201.25,185.8
2023-01-26,341.12,5928.75,2099.66,204.06,178.14
2023-01-27,341.95,5809.85,2084.54,210.4,172.99
2023-01-30,338.96,5959.83,2101.55,214.24,168.32
2023-01-31,336.18,5859.57,2108.54,217.6,173.05
2023-02-01,334.27,5976.11,2019.74,217.97,173.53
2023-02-02,335.92,6030.15,2051.78,219.77,174.97
2023-02-03,332.87,5955.23,2061.65,225.38,167.29
2023-02-06,341.4,6169.66,2083.64,219.48,163.37
2023-02-07,335.46,6025.46,2248.3,218.06,166.35
2023-02-08,334.38,6139.24,2155.71,214.8,167.38
2023-02-09,331.6,6265.16,2231.14,216.53,166.97
2023-02-10,341.37,6184.26,2219.43,221.97,168.94
2023-02-13,342.88,6359.58,2233.3,219.43,174.56
2023-02-14,350.13,6330.96,2232.38,209.05,173.87
2023-02-15,339.9,6370.68,2214.55,207.43,174.2
2023-02-16,341.88,6407.03,2190.42,211.32,174.96
2023-02-17,348.14,6393.02,2205.95,213.7,183.41
2023-02-20,348.88,6499.89,2140.12,215.64,175.81
2023-02-21,356.49,6606.29,2173.32,214.54,178.3
2023-02-22,352.98,6378.57,2156.31,209.16,177.98
2023-02-23,363.11,6548.16,2108.66,211.42,180.08
2023-02-24,379.99,6333.7,2090.73,208.0,177.8
2023-02-27,377.42,6467.67,2144.34,217.19,177.72
2023-02-28,374.24,6616.65,2122.46,219.77,180.34
2023-03-01,385.31,6475.58,2138.73,217.33,191.65
2023-03-02,397.68,6425.62,2108.54,214.78,194.85
2023-03-03,393.72,6286.73,2141.55,214.49,191.64
2023-03-06,390.6,6262.85,2171.99,213.57,190.11
2023-03-07,388.6,6227.4,2253.37,218.45,188.48
2023-03-08,378.34,6327.62,2246.59,219.37,181.81
2023-03-09,371.58,6496.61,2277.76,216.27,180.7
2023-03-10,364.3,6681.2,2283.36,224.56,183.44
2023-03-13,358.89,6609.42,2343.68,224.89,178.85
2023-03-14,358.82,6585.07,2311.16,228.46,182.69
2023-03-15,360.68,6366.65,2346.75,225.8,184.57
2023-03-16,372.05,6267.22,2338.79,227.55,181.95
2023-03-17,364.81,6391.29,2336.95,229.08,181.53
2023-03-20,372.17,6601.0,2342.41,220.53,187.42
2023-03-21,370.76,6441.34,2355.4,229.53,190.26
2023-03-22,370.58,6368.24,2351.1,235.57,190.39
2023-03-23,375.77,6368.06,2362.37,233.82,189.58
2023-03-24,367.52,6406.92,2438.12,228.78,189.97
2023-03-27,370.51,6306.39,2487.39,230.49,188.12
2023-03-28,371.93,6363.02,2531.87,231.0,180.29
2023-03-29,375.78,6305.9,2510.07,232.76,187.75
2023-03-30,378.14,6307.24,2466.68,233.77,188.42
2023-03-31,396.9,6379.3,2515.05,236.25,190.02
2023-04-03,392.04,6383.31,2560.37,243.21,189.89
2023-04-04,388.07,6330.79,2637.06,246.09,187.2
2023-04-05,383.43,6320.08,2606.53,241.05,186.59
2023-04-06,379.36,6312.07,2595.86,247.74,180.72
2023-04-07,374.71,6268.51,2512.04,255.99,189.04
2023-04-10,383.81,6239.2,2493.58,272.26,184.47
2023-04-11,394.91,6441.81,2544.53,266.28,180.75
2023-04-12,390.6,6517.29,2522.06,267.7,179.25
2023-04-13,384.29,6482.04,2555.63,256.69,183.96
2023-04-14,388.1,6575.63,2547.17,259.66,184.1
2023-04-17,384.01,6535.02,2564.95,256.94,179.64
2023-04-18,389.06,6691.61,2507.36,266.95,184.24
2023-04-19,390.84,6744.43,2512.88,262.95,187.03
2023-04-20,379.19,6733.33,2363.81,254.2,189.13
2023-04-21,391.11,6796.99,2356.16,251.93,191.93
2023-04-24,405.35,6586.84,2280.5,242.1,201.22
2023-04-25,400.59,6441.7,2336.65,245.86,210.12
2023-04-26,397.68,6291.1,2374.15,235.83,207.34
2023-04-27,400.16,6312.23,2397.49,236.08,214.17
2023-04-28,403.03,6534.11,2471.63,226.39,215.92
2023-05-01,408.54,6828.97,2425.95,225.05,218.18
2023-05-02,425.17,6919.53,2511.95,232.56,210.91
2023-05-03,423.88,6992.3,2560.04,234.36,210.3
2023-05-04,417.32,6743.92,2549.2,230.43,206.98
2023-05-05,406.02,6674.1,2608.38,230.4,210.51
2023-05-08,400.29,6572.28,2551.97,230.59,215.13
2023-05-09,400.22,6493.96,2511.16,232.89,206.31
2023-05-10,414.79,6475.37,2481.85,226.64,206.32
2023-05-11,410.7,6417.47,2456.84,229.44,211.06
2023-05-12,412.74,6166.63,2406.15,217.14,210.37
2023-05-15,412.81,6261.96,2466.21,214.52,213.55
2023-05-16,422.83,6130.74,2454.68,212.53,215.15
2023-05-17,444.41,6163.14,2473.21,215.33,216.73
2023-05-18,439.92,6421.88,2446.23,215.53,215.66
2023-05-19,435.83,6307.01,2358.38,209.58,210.52
2023-05-22,445.15,5990.99,2372.3,205.56,205.91
2023-05-23,451.44,5959.72,2282.76,206.48,208.93
2023-05-24,468.34,6093.93,2280.77,206.25,209.12
2023-05-25,474.05,6335.65,2219.49,203.97,208.64
2023-05-26,470.88,6183.02,2308.81,202.11,206.98
2023-05-29,476.68,6247.53,2352.05,205.02,205.82
2023-05-30,487.48,6192.52,2358.2,203.0,210.23
2023-05-31,495.73,6182.49,2418.98,202.75,208.92
2023-06-01,501.0,6512.56,2379.25,211.65,203.43
2023-06-02,511.94,6320.05,2406.3,205.73,206.55
2023-06-05,524.17,6355.28,2417.12,198.21,205.81
2023-06-06,538.92,6417.91,2431.09,201.42,206.04
2023-06-07,546.18,6560.48,2494.17,198.78,212.77
2023-06-08,544.63,6576.62,2531.96,197.62,212.79
2023-06-09,546.5,6620.43,2547.84,194.63,214.12
2023-06-12,559.96,6571.88,2464.79,193.71,209.18
2023-06-13,551.09,6610.54,2418.7,200.0,208.37
2023-06-14,555.43,6568.47,2413.97,203.31,211.01
2023-06-15,551.34,6653.41,2419.68,206.92,204.55
2023-06-16,551.93,6607.55,2366.2,201.16,205.48
2023-06-19,566.32,6660.69,2481.51,196.63,206.0
2023-06-20,568.77,6660.12,2558.01,185.57,206.27
2023-06-21,569.58,6813.45,2590.1,182.65,210.65
2023-06-22,554.38,6809.85,2595.12,186.24,212.16
2023-06-23,562.93,6571.77,2585.41,188.26,218.54
2023-06-26,570.48,6740.92,2537.48,187.52,214.31
2023-06-27,595.44,6622.18,2542.68,187.53,215.0
2023-06-28,592.08,6538.91,2557.06,185.04,215.47
2023-06-29,594.97,6464.28,2494.83,185.89,210.97
2023-06-30,598.23,6645.2,2512.75,188.83,215.11
2023-07-03,617.4,6364.69,2506.21,182.82,225.22
2023-07-04,616.54,6767.28,2411.83,184.01,225.25
2023-07-05,620.29,6913.6,2371.54,187.53,227.64
2023-07-06,628.14,6947.92,2353.1,186.07,228.14
2023-07-07,630.8,6943.77,2443.12,188.77,225.0
2023-07-10,625.48,6986.9,2471.54,199.49,216.92
2023-07-11,628.22,7063.21,2406.76,199.17,213.96
2023-07-12,642.02,7157.89,2431.36,200.84,208.12
2023-07-13,629.16,7241.01,2357.33,197.98,215.31
2023-07-14,631.15,7257.6,2409.55,198.79,214.92
2023-07-17,622.63,7232.59,2388.06,200.72,213.54
2023-07-18,637.82,7214.32,2384.78,201.61,217.45
2023-07-19,618.71,7189.81,2449.2,197.59,212.68
2023-07-20,612.1,7356.43,2387.38,198.51,209.52
2023-07-21,617.03,7447.44,2321.86,204.41,209.91
2023-07-24,636.66,7013.2,2295.92,206.35,214.34
2023-07-25,636.14,7108.7,2344.75,210.42,216.6
2023-07-26,629.39,7139.94,2274.67,209.53,217.78
2023-07-27,653.39,7140.84,2146.97,212.78,218.23
2023-07-28,634.79,7088.92,2128.67,214.07,220.08
2023-07-31,607.19,7251.84,2153.22,210.11,221.08
2023-08-01,612.84,7392.9,2205.99,211.55,216.64
2023-08-02,606.99,7282.32,2186.66,207.46,216.95
2023-08-03,594.9,7345.24,2169.76,204.94,212.4
2023-08-04,603.62,7206.17,2220.91,205.82,212.85
2023-08-07,606.87,7010.94,2138.97,207.14,210.91
2023-08-08,600.32,6926.57,2123.42,202.32,221.72
2023-08-09,585.25,7049.5,2132.57,206.69,221.66
2023-08-10,595.76,7187.41,2152.8,209.16,215.54
2023-08-11,603.8,7264.76,2131.92,206.31,215.07
2023-08-14,602.91,7373.74,2134.46,200.07,217.41
2023-08-15,625.48,7453.55,2029.3,199.59,224.8
2023-08-16,612.4,7361.65,2003.6,197.91,222.26
2023-08-17,594.02,7428.93,2022.77,198.46,215.34
2023-08-18,586.1,7551.56,1984.05,197.12,218.96
2023-08-21,585.86,7669.26,1987.38,189.3,213.03
2023-08-22,589.0,7855.46,2006.14,187.92,211.28
2023-08-23,586.46,7970.67,1993.39,186.87,210.29
2023-08-24,590.88,8030.68,2001.19,189.33,210.11
2023-08-25,576.38,8206.57,1963.66,186.78,213.11
2023-08-28,593.32,8206.32,1956.52,193.15,210.3
2023-08-29,592.64,8065.69,1981.38,185.86,209.25
2023-08-30,606.18,8043.42,1988.59,190.83,209.3
2023-08-31,610.63,7927.61,1966.26,190.06,210.03
2023-09-01,616.52,7824.52,1976.06,193.43,210.54
2023-09-04,623.85,7805.82,2005.29,193.83,212.49
2023-09-05,629.75,7686.01,1924.08,198.35,216.18
2023-09-06,638.16,7642.51,1969.64,196.91,217.98
2023-09-07,655.44,7356.89,1957.38,192.68,220.07
2023-09-08,658.35,7391.96,1975.02,198.25,213.22
2023-09-11,668.01,7395.83,2023.29,197.9,213.54
2023-09-12,667.15,7278.67,1968.8,198.88,215.69
2023-09-13,686.7,7378.28,1941.85,203.89,218.94
2023-09-14,677.75,7520.32,1931.61,199.78,216.02
2023-09-15,702.5,7282.29,1902.3,202.26,213.28
2023-09-18,702.29,7174.84,1969.26,199.98,210.94
2023-09-19,682.54,7068.06,1936.5,199.55,213.31
2023-09-20,684.63,6938.73,1915.95,199.94,217.83
2023-09-21,675.65,7057.31,1924.74,194.04,216.16
2023-09-22,687.35,7033.48,1879.43,191.11,220.19
2023-09-25,678.72,6999.79,1865.5,196.37,220.85
2023-09-26,673.0,6722.76,1878.27,199.95,220.41
2023-09-27,647.9,6811.55,1866.71,199.8,219.59
2023-09-28,642.37,6646.13,1864.15,200.87,222.98
2023-09-29,611.55,6657.42,1845.35,199.79,224.54
2023-10-02,592.48,6697.68,1790.38,205.31,234.87
2023-10-03,601.79,6883.3,1802.79,204.59,230.99
2023-10-04,611.55,6706.56,1866.97,205.64,233.5
2023-10-05,617.06,6304.9,1868.59,210.46,231.14
2023-10-06,605.43,6331.24,1877.94,207.29,227.24
2023-10-09,605.16,6562.39,1904.9,213.86,227.3
2023-10-10,605.41,6728.28,1857.49,207.42,228.04
2023-10-11,591.69,6759.86,1921.67,214.28,241.46
2023-10-12,609.78,6696.77,1930.4,212.79,240.69
2023-10-13,620.78,6808.22,1994.37,211.86,235.37
2023-10-16,618.35,6679.06,1966.13,203.96,236.78
2023-10-17,618.99,6746.04,2038.61,202.21,227.07
2023-10-18,621.88,6817.61,2071.23,198.1,226.77
2023-10-19,596.8,6965.58,2095.17,195.8,226.95
2023-10-20,594.15,7353.51,2106.03,195.36,230.67
2023-10-23,586.34,7414.9,2096.61,199.2,235.28
2023-10-24,574.89,7343.13,2148.0,200.12,233.03
2023-10-25,571.94,7343.05,2155.11,201.45,232.44
2023-10-26,592.79,7086.91,2071.4,197.14,229.0
2023-10-27,600.69,6991.99,2026.15,193.77,223.95
2023-10-30,594.12,6938.25,2019.63,200.83,225.45
2023-10-31,601.22,6868.99,2033.17,197.98,219.82
2023-11-01,618.35,6893.36,2031.88,204.64,218.1
2023-11-02,630.1,6783.42,2082.43,203.75,213.87
2023-11-03,631.16,6938.9,2002.21,203.86,216.33
2023-11-06,623.31,6942.4,2008.96,208.32,224.23
2023-11-07,632.33,6944.58,1936.92,213.73,218.51
2023-11-08,637.62,6902.51,1967.32,213.36,210.52
2023-11-09,649.35,6927.38,1964.59,211.81,210.1
2023-11-10,657.93,7045.16,1982.06,211.68,210.27
2023-11-13,672.07,6926.5,1948.8,213.22,211.29
2023-11-14,665.21,6838.8,1999.65,217.12,209.51
2023-11-15,683.07,6800.67,2042.31,217.25,208.78
2023-11-16,686.11,6621.02,2067.17,220.05,210.42
2023-11-17,714.93,6515.84,2062.84,227.37,214.9
2023-11-20,705.43,6457.04,2087.8,229.22,206.6
2023-11-21,730.28,6573.19,2059.33,230.76,205.18
2023-11-22,733.53,6610.99,2095.59,223.86,206.16
2023-11-23,724.34,6639.89,2165.77,212.2,202.48
2023-11-24,717.7,6756.21,2213.23,213.95,209.59
2023-11-27,713.46,6741.03,2182.04,213.65,207.03
2023-11-28,719.87,6797.04,2198.91,211.56,206.97
2023-11-29,727.75,6786.41,2143.13,212.7,209.37
2023-11-30,719.77,6825.82,2168.74,212.55,207.0
2023-12-01,719.78,6749.67,2189.37,217.45,199.46
2023-12-04,750.98,6423.83,2108.59,217.93,197.85
2023-12-05,777.3,6409.79,2060.65,214.78,202.02
2023-12-06,784.47,6595.38,2050.01,219.14,200.76
2023-12-07,785.46,6720.85,2038.7,218.3,197.46
2023-12-08,787.74,6853.98,1990.4,220.71,201.22
2023-12-11,797.8,7026.85,2006.88,218.71,199.99
2023-12-12,781.88,7042.83,2017.98,215.98,198.05
2023-12-13,778.24,7074.14,2011.15,216.45,198.74
2023-12-14,752.66,6990.29,1981.76,216.61,201.9
2023-12-15,759.05,6949.6,2024.31,218.8,211.62
2023-12-18,769.25,7038.66,2092.35,217.74,215.22
2023-12-19,762.2,7211.65,2073.16,209.85,220.32
2023-12-20,786.58,7195.15,2048.81,208.14,218.21
2023-12-21,767.69,7133.96,2069.96,211.54,213.84
2023-12-22,745.59,7137.6,2056.18,210.39,214.21
2023-12-25,749.31,7227.0,2051.47,209.46,214.78
2023-12-26,765.37,7021.92,2082.84,213.7,210.25
2023-12-27,791.53,6702.95,2004.35,210.76,209.62
2023-12-28,784.66,6632.5,2058.2,204.36,211.4
2023-12-29,801.98,6473.89,2062.22,203.81,213.03
